{
  "priority_model": {
    "accuracy": 0.6826,
    "f1_score": 0.4622,
    "classes": [
      "High",
      "Low"
    ],
    "report": {
      "High": {
        "precision": 0.6874518860662048,
        "recall": 0.8876739562624254,
        "f1-score": 0.7748373101952277,
        "support": 1006.0
      },
      "Low": {
        "precision": 0.6636904761904762,
        "recall": 0.35453100158982515,
        "f1-score": 0.46217616580310883,
        "support": 629.0
      },
      "accuracy": 0.6825688073394496,
      "macro avg": {
        "precision": 0.6755711811283405,
        "recall": 0.6211024789261252,
        "f1-score": 0.6185067379991682,
        "support": 1635.0
      },
      "weighted avg": {
        "precision": 0.6783106464259397,
        "recall": 0.6825688073394496,
        "f1-score": 0.6545536038816847,
        "support": 1635.0
      }
    }
  },
  "closure_model": {
    "accuracy": 0.8214,
    "f1_score": 0.3303,
    "report": {
      "No Closure": {
        "precision": 0.9527736131934033,
        "recall": 0.8473333333333334,
        "f1-score": 0.8969654199011997,
        "support": 1500.0
      },
      "Closure": {
        "precision": 0.23920265780730898,
        "recall": 0.5333333333333333,
        "f1-score": 0.3302752293577982,
        "support": 135.0
      },
      "accuracy": 0.8214067278287461,
      "macro avg": {
        "precision": 0.5959881355003561,
        "recall": 0.6903333333333334,
        "f1-score": 0.6136203246294989,
        "support": 1635.0
      },
      "weighted avg": {
        "precision": 0.8938549104551019,
        "recall": 0.8214067278287461,
        "f1-score": 0.8501744867370657,
        "support": 1635.0
      }
    }
  },
  "resolution_model": {
    "mae_minutes": 5550.1,
    "median_ae_minutes": 51.7,
    "mae_log_space": 1.2815,
    "r2_log_space": 0.512,
    "trained_on_rows": 3126,
    "features_used": [
      "event_type",
      "event_cause",
      "zone",
      "veh_type",
      "cause_speed",
      "hour",
      "day_of_week",
      "month",
      "is_weekend",
      "is_peak_hour",
      "time_unspecified",
      "corridor",
      "police_station"
    ],
    "note": "Target is log1p(resolution_minutes); inverse with expm1() after predict()"
  }
}