{
  "priority_model": {
    "accuracy": 0.6765,
    "f1_score": 0.4585,
    "classes": [
      "High",
      "Low"
    ],
    "report": {
      "High": {
        "precision": 0.6853146853146853,
        "recall": 0.8767395626242545,
        "f1-score": 0.7692978630614915,
        "support": 1006.0
      },
      "Low": {
        "precision": 0.6436781609195402,
        "recall": 0.356120826709062,
        "f1-score": 0.458546571136131,
        "support": 629.0
      },
      "accuracy": 0.6764525993883792,
      "macro avg": {
        "precision": 0.6644964231171128,
        "recall": 0.6164301946666582,
        "f1-score": 0.6139222170988112,
        "support": 1635.0
      },
      "weighted avg": {
        "precision": 0.6692967196605286,
        "recall": 0.6764525993883792,
        "f1-score": 0.6497488950975454,
        "support": 1635.0
      }
    }
  },
  "closure_model": {
    "accuracy": 0.8245,
    "f1_score": 0.331,
    "report": {
      "No Closure": {
        "precision": 0.9522744220730798,
        "recall": 0.8513333333333334,
        "f1-score": 0.8989792326645547,
        "support": 1500.0
      },
      "Closure": {
        "precision": 0.24149659863945577,
        "recall": 0.5259259259259259,
        "f1-score": 0.331002331002331,
        "support": 135.0
      },
      "accuracy": 0.8244648318042813,
      "macro avg": {
        "precision": 0.5968855103562678,
        "recall": 0.6886296296296297,
        "f1-score": 0.6149907818334428,
        "support": 1635.0
      },
      "weighted avg": {
        "precision": 0.8935863449088356,
        "recall": 0.8244648318042813,
        "f1-score": 0.8520820572979492,
        "support": 1635.0
      }
    }
  },
  "resolution_model": {
    "mae_minutes": 5663.0,
    "r2_log_space": 0.5151,
    "trained_on_rows": 3126,
    "features_used": [
      "event_type",
      "event_cause",
      "zone",
      "veh_type",
      "hour",
      "day_of_week",
      "month",
      "is_weekend",
      "is_peak_hour",
      "corridor",
      "police_station"
    ],
    "note": "Target is log1p(resolution_minutes); inverse with expm1() after predict()"
  }
}